SNP,CHR,BP,A1,A2,GENE,P,N,FRQ,BETA,SE,Z,OR
rs4575098,1,161155392,G,A,ADAMTS4,1.89639605441e-10,434326,0.228026,0.0164116326034849,0.002576594785404,6.369504703050007,1.016547043201291
rs2093760,1,207786828,G,A,CR1,6.83562064326e-19,443989,0.191962,0.0243396821241102,0.00274171519891572,8.877538459769978,1.0246383101015288
rs4663105,2,127891427,A,C,BIN1,1.44578833874e-44,425134,0.411349,0.0310950625469332,0.00222022847082717,14.00534357410001,1.0315835641865039
rs10933431,2,233981912,C,G,INPPD5,7.62164579408e-10,436498,0.244487,-0.0154369706978901,0.00250901036722114,-6.152613356870003,0.9846815685879239
rs184384746,3,57226150,C,T,HESX1,1.237e-8,364480,0.00110872,0.200409337538591,0.0351932018466989,5.6945468733300055,1.2219028265002125
rs6448453,4,11026028,G,A,CLNK,1.97618453137e-9,436498,0.262473,0.0147046370553487,0.00245087392248077,5.999752545600018,1.0148132821063018
rs6931277,6,32583357,A,T,HLA-DRB1,7.3548952621e-11,436289,0.156437,-0.0193384617025591,0.00296910207629023,-6.513235720989998,0.980847326799156
rs187370608,6,40942196,G,A,TREM2,1.451e-16,364096,0.00172467,0.233272175900672,0.0282395767045028,8.260469990099985,1.2627251159060653
rs9381563,6,47432637,T,C,CD2AP,1.99407379087e-10,429204,0.355744,0.0144514999684449,0.00227160672477486,6.361796613309989,1.0145564277393728
rs1859788,7,99971834,G,A,ZCWPW1,1.80481184772e-15,441735,0.32433,-0.0183957369102525,0.00231274498601093,-7.9540706050699725,0.981772431882832
rs7810606,7,143108158,C,T,EPHA1,2.89123983318e-11,426600,0.485387,-0.0145186696199985,0.00218260004387131,-6.652006473090013,0.9855862180404493
rs114360492,7,145950029,C,T,CNTNAP2,2.0959999999999998e-09,364829,0.00153988,0.178834186365064,0.0298545252085654,5.990186918590005,1.1958224440617193
rs4236673,8,27464929,G,A,CLU/PTK2B,1.4801200609000002e-19,443360,0.377826,-0.0201614329227876,0.00222871515151378,-9.046213424399983,0.9800404497416008
rs11257238,10,11717397,T,C,ECHDC3,1.04208680137e-8,430330,0.360964,0.0129433744350157,0.00226135201775546,5.7237326755800035,1.0130275024809925
rs2081545,11,59958380,C,A,MS4A6A,1.10698552532e-15,441064,0.382122,-0.0178700263009955,0.00222974673444966,-8.014374917520009,0.9822886957569568
rs867611,11,85776544,A,G,PICALM,1.48189212068e-18,433776,0.317416,-0.0204289156543303,0.00232383525967456,-8.79103437702002,0.9797783409014386
rs11218343,11,121435587,T,C,SORL1,8.1152759981e-12,436249,0.0440715,-0.0359263847936009,0.0052550863457046,-6.8364975245299995,0.9647113082912815
rs12590654,14,92938855,G,A,SLC24A4,1.32256769113e-10,426902,0.33648,-0.0148266110492435,0.00230780396819128,-6.424553928150024,0.9852827619375728
rs442495,15,59022615,T,C,ADAM10,1.22123874443e-9,435241,0.354342,-0.0137211070424016,0.0022577153139541,-6.077430116009991,0.9863725982769928
rs117618017,15,63569902,C,T,APH1B,3.43751317539e-8,444006,0.124823,0.0180267395596979,0.00326716167439379,5.5175535698100076,1.0181902019834816
rs59735493,16,31133100,G,A,KAT8,3.72815665997e-8,435401,0.298476,-0.0129852257372493,0.00235954826239737,-5.503267699239994,0.9870987185683857
rs113260531,17,5138980,G,A,SCIMP,7.90535677698e-10,435724,0.126086,0.0199857985981274,0.00325140649280242,6.146816352360003,1.0201868518404116
rs28394864,17,47450775,G,A,ABI3,1.68452181191e-8,430812,0.453265,0.0123015102299365,0.00218049039553296,5.641625505499986,1.0123774850221756
rs76726049,18,56189459,T,C,ALPK2,3.3774524251e-8,433227,0.0111949,0.0567966995679362,0.0102880431069269,5.520651398680007,1.0584406070880437
rs111278892,19,1039323,C,G,ABCA7,6.67175297904e-11,434731,0.147136,0.0199116040403039,0.00305025145237042,6.527856588619977,1.0201111623359513
rs41289512,19,45351516,C,G,APOE,1.45908825422e-278,436498,0.0359409,0.206303142176313,0.0057847250956689,35.663430632300035,1.229125747379676
rs76320948,19,46241841,C,T,AC074212.3,4.0780065849e-8,418996,0.0307669,0.0349329043178255,0.00636597481799184,5.4874399155799924,1.0355502255198281
rs3865444,19,51727962,C,A,CD33,5.14947136504e-9,436498,0.299276,-0.0137570483797657,0.00235474428052415,-5.8422685187299725,0.9863371473637519
rs6014724,20,54998544,A,G,CASS4,5.38105326432e-10,433858,0.0950416,-0.0228942575601418,0.00368811978914595,-6.2075688613800075,0.9773658273564981
