SNP,GENE,CHR,BP,A2,A1,P,N,FRQ,BETA,SE
rs10933431,INPPD5,2,233981912,G,C,7.62164579408e-10,436498,0.244487,-0.0154369706978901,0.00250901036722114
rs111278892,ABCA7,19,1039323,G,C,6.67175297904e-11,434731,0.147136,0.0199116040403039,0.00305025145237042
rs11218343,SORL1,11,121435587,C,T,8.1152759981e-12,436249,0.0440715,-0.0359263847936009,0.0052550863457046
rs11257238,ECHDC3,10,11717397,C,T,1.04208680137e-8,430330,0.360964,0.0129433744350157,0.00226135201775546
rs113260531,SCIMP,17,5138980,A,G,7.90535677698e-10,435724,0.126086,0.0199857985981274,0.00325140649280242
rs114360492,CNTNAP2,7,145950029,T,C,2.0959999999999998e-09,364829,0.00153988,0.178834186365064,0.0298545252085654
rs117618017,APH1B,15,63569902,T,C,3.43751317539e-8,444006,0.124823,0.0180267395596979,0.00326716167439379
rs12590654,SLC24A4,14,92938855,A,G,1.32256769113e-10,426902,0.33648,-0.0148266110492435,0.00230780396819128
rs184384746,HESX1,3,57226150,T,C,1.237e-8,364480,0.00110872,0.200409337538591,0.0351932018466989
rs1859788,ZCWPW1,7,99971834,A,G,1.80481184772e-15,441735,0.32433,-0.0183957369102525,0.00231274498601093
rs187370608,TREM2,6,40942196,A,G,1.451e-16,364096,0.00172467,0.233272175900672,0.0282395767045028
rs2081545,MS4A6A,11,59958380,A,C,1.10698552532e-15,441064,0.382122,-0.0178700263009955,0.00222974673444966
rs2093760,CR1,1,207786828,A,G,6.83562064326e-19,443989,0.191962,0.0243396821241102,0.00274171519891572
rs28394864,ABI3,17,47450775,A,G,1.68452181191e-8,430812,0.453265,0.0123015102299365,0.00218049039553296
rs3865444,CD33,19,51727962,A,C,5.14947136504e-9,436498,0.299276,-0.0137570483797657,0.00235474428052415
rs41289512,APOE,19,45351516,G,C,1.45908825422e-278,436498,0.0359409,0.206303142176313,0.0057847250956689
rs4236673,CLU/PTK2B,8,27464929,A,G,1.4801200609000002e-19,443360,0.377826,-0.0201614329227876,0.00222871515151378
rs442495,ADAM10,15,59022615,C,T,1.22123874443e-9,435241,0.354342,-0.0137211070424016,0.0022577153139541
rs4575098,ADAMTS4,1,161155392,A,G,1.89639605441e-10,434326,0.228026,0.0164116326034849,0.002576594785404
rs4663105,BIN1,2,127891427,C,A,1.44578833874e-44,425134,0.411349,0.0310950625469332,0.00222022847082717
rs59735493,KAT8,16,31133100,A,G,3.72815665997e-8,435401,0.298476,-0.0129852257372493,0.00235954826239737
rs6014724,CASS4,20,54998544,G,A,5.38105326432e-10,433858,0.0950416,-0.0228942575601418,0.00368811978914595
rs6448453,CLNK,4,11026028,A,G,1.97618453137e-9,436498,0.262473,0.0147046370553487,0.00245087392248077
rs6931277,HLA-DRB1,6,32583357,T,A,7.3548952621e-11,436289,0.156437,-0.0193384617025591,0.00296910207629023
rs76320948,AC074212.3,19,46241841,T,C,4.0780065849e-8,418996,0.0307669,0.0349329043178255,0.00636597481799184
rs76726049,ALPK2,18,56189459,C,T,3.3774524251e-8,433227,0.0111949,0.0567966995679362,0.0102880431069269
rs7810606,EPHA1,7,143108158,T,C,2.89123983318e-11,426600,0.485387,-0.0145186696199985,0.00218260004387131
rs867611,PICALM,11,85776544,G,A,1.48189212068e-18,433776,0.317416,-0.0204289156543303,0.00232383525967456
rs9381563,CD2AP,6,47432637,C,T,1.99407379087e-10,429204,0.355744,0.0144514999684449,0.00227160672477486
